stand,scenario,strip/dwtyr_growingseason,/strip/dwtyr_latesummer,/stand/volumegrowth,/stand/volume END,/stand/volume INITIAL,/stand/logvolume,/stand/pulpvolume,/stand/harvested_volume,/stand/harvested_log_volume,/stand/harvested_pulp_volume,/stand/biomass,/export/hmwtoditch,/export/lmwtoditch,/balance/C/stand_c_balance_co2eq,/balance/C/co2c_release,/balance/C/ch4c_release,/balance/N/balance_root_lyr,/balance/P/balance_root_lyr,/balance/K/balance_root_lyr,/balance/N/to_water,/balance/P/to_water,/balance/K/to_water
1,DNM,-0.37269884745279946,-0.4307093302408854,11.02445125579834,440.05694580078125,259.5199279785156,330.8550109863281,85.43606567382812,0.0,0.0,0.0,207011.515625,135.28005642361111,0.21985846625434027,4228.517708333334,4603.998611111111,-1.5098890516493055,5.783394368489583,1.0996190388997396,-0.9684540642632379,8.601673719618056,1.3038631863064236,0.5977191925048828
1,default,-0.300363032023112,-0.3745525360107422,10.420672416687012,431.39300537109375,259.5199279785156,322.7152404785156,85.34994506835938,0.0,0.0,0.0,204184.71875,110.27122395833334,0.0203637613190545,5425.872916666666,4121.23125,0.1558776643541124,3.9872361924913196,1.0044381035698784,-0.9111725701226129,6.523122829861111,1.1875456068250867,0.4121379852294922
1,partialblocking,-0.26335156758626305,-0.34979091220431857,9.085671424865723,411.7943115234375,259.5199279785156,304.6617126464844,84.79316711425781,0.0,0.0,0.0,198412.28125,92.8194552951389,0.015361258718702529,5252.141666666666,3816.190625,2.1972563001844616,3.1754801432291666,0.9742528279622396,-0.8709076775444878,5.5812964545355905,1.1391721937391492,0.32870089213053383
10,DNM,-0.3722989824083116,-0.4301021999782986,10.976929664611816,417.1441955566406,234.95713806152344,311.72747802734375,81.86709594726562,0.0,0.0,0.0,195215.875,134.8866427951389,0.21956085628933378,4353.186111111111,4589.255902777778,-1.5030361599392361,5.3546868218315975,1.068681165907118,-1.0368820190429688,8.335724555121528,1.286627197265625,0.5919213189019097
10,default,-0.31310191684299044,-0.38330730862087675,10.587328910827637,411.5089111328125,234.95713806152344,306.3763427734375,81.87600708007812,0.0,0.0,0.0,193171.515625,114.98873697916666,0.03885521623823378,5388.175347222223,4200.451041666666,-0.2780165990193685,3.9450015597873263,0.9957982381184896,-0.9775031195746527,6.705040147569444,1.1906344095865886,0.4367140452067057
10,partialblocking,-0.2692389170328776,-0.35384703742133244,9.188213348388672,390.8572082519531,234.95713806152344,287.34100341796875,81.31710815429688,0.0,0.0,0.0,186981.140625,94.92967664930555,0.028532081180148654,5283.559027777777,3845.4368055555556,1.8867462158203125,3.03265618218316,0.9634792751736111,-0.9194947984483507,5.475984700520834,1.12503907945421,0.33842987484402126
11,default,-0.3557581583658854,-0.41998168097601996,8.685810089111328,440.9532470703125,293.52655029296875,302.5518798828125,119.01856994628906,0.0,0.0,0.0,219789.140625,130.70809461805555,0.14900794559054906,3326.85,4529.6298611111115,-1.2742630004882813,1.244267103407118,0.7397135416666667,-1.0456537882486978,6.523004150390625,1.0685920715332031,0.8509248521592881
11,partialblocking,-0.29728444417317706,-0.3816467709011502,7.530769348144531,422.5480041503906,293.52655029296875,285.4090881347656,118.47891235351562,0.0,0.0,0.0,214148.796875,104.44865451388888,0.0988393783569336,3679.065972222222,4078.6006944444443,0.7046526590983073,-0.018075391981336807,0.676530032687717,-0.9081085205078125,4.8102783203125,0.9779247707790799,0.6773983425564236
12,default,-0.33938910166422526,-0.4006461673312717,10.290815353393555,443.53326416015625,277.8680419921875,299.8558349609375,118.15802764892578,0.0,0.0,0.0,217806.984375,128.43489583333334,0.11999057133992513,5341.589930555556,4505.487152777778,-0.9588404337565104,5.9201904296875,1.214916737874349,-0.9112789577907986,7.91373291015625,1.3584452311197917,0.301569578382704
12,partialblocking,-0.27733080122205944,-0.35615403917100696,8.448143005371094,416.5966796875,277.8680419921875,273.3208312988281,118.9110107421875,0.0,0.0,0.0,209960.375,102.76764322916667,0.08249499532911513,5203.171180555555,4021.3368055555557,1.6113064236111112,3.8435401068793404,1.075062052408854,-1.0840167575412327,5.763167995876736,1.1817497253417968,0.2239635043674045
13,default,-0.30562621222602,-0.3684620327419705,8.403605461120605,267.043701171875,117.12261199951172,73.78775024414062,167.6852264404297,0.0,0.0,0.0,128194.0703125,97.15935329861111,0.04814540015326606,5428.447222222222,3476.4864583333333,-0.06950819227430556,3.226488240559896,0.8955936008029514,-1.423790995279948,4.377589246961805,0.9418435838487413,0.13447535832722982
13,default_thinning_at_yr_2010,-0.31502554151746964,-0.3826383802625868,9.346118927001953,215.3383331298828,117.12261199951172,82.73213958740234,115.70033264160156,64.21149,7.9491467,47.342712,100415.3203125,101.23203125,0.047479708989461265,1611.7569444444443,3625.6388888888887,-0.3425534142388238,0.5892735799153646,0.5349830627441406,-1.3839131673177083,5.030716959635416,0.8145399305555555,0.6345431009928385
13,default_thinning_at_yr_2015,-0.3105954911973741,-0.3762751261393229,9.146333694458008,183.83529663085938,117.12261199951172,69.05846405029297,100.11737060546875,95.70767,17.837141,66.61768,100261.25,101.09513888888888,0.048481051127115884,504.60503472222223,3615.7447916666665,-0.22245633867051867,1.0513465881347657,0.6075920952690972,-1.372163560655382,4.594392564561632,0.850447760687934,0.5108807033962673
13,default_thinning_at_yr_2020,-0.3059258778889974,-0.36953803168402777,8.592949867248535,148.68533325195312,117.12261199951172,48.957862854003906,86.73448181152344,124.16026,30.031599,81.41619,109544.0390625,98.85574001736111,0.048614417182074654,81.68680555555555,3533.3010416666666,-0.07672980626424154,1.7879282633463542,0.7087760077582466,-1.526831563313802,4.943001302083333,0.9303929646809895,0.487164306640625
13,partialblocking,-0.25218226114908854,-0.3267361111111111,6.957639694213867,242.78265380859375,117.12261199951172,58.50429916381836,159.15345764160156,0.0,0.0,0.0,120664.03125,77.07856987847222,0.034808683395385745,4971.3875,3063.4065972222224,2.977826944986979,1.5651251898871528,0.7925820244683159,-1.5632371690538194,2.9105523003472222,0.8302622477213542,0.09818527433607313
13,partialblocking_thinning_at_yr_2010,-0.2640580283270942,-0.3449654261271159,8.163312911987305,201.94769287109375,117.12261199951172,70.92464447021484,114.08474731445312,59.30665,6.7089095,44.11983,96207.53125,80.97567816840278,0.03466919263203939,1884.5628472222222,3225.202083333333,2.2946326361762153,0.4174668629964193,0.5989989386664496,-1.176806640625,3.785755411783854,0.7735141330295139,0.436319817437066
13,partialblocking_thinning_at_yr_2015,-0.2577491760253906,-0.33550376892089845,7.803003787994385,172.2469940185547,117.12261199951172,57.26000213623047,99.99441528320312,85.4211,14.3667145,60.510376,96139.90625,80.37507595486112,0.0353254583146837,831.3433159722222,3194.710763888889,2.669204372829861,0.5473596784803603,0.6319813198513455,-1.2479810926649306,3.3994038899739585,0.7796719021267361,0.3967249976264106
13,partialblocking_thinning_at_yr_2020,-0.2530643039279514,-0.32822418212890625,7.208361625671387,141.34689331054688,117.12261199951172,40.27594757080078,87.7423095703125,107.53049,22.812422,72.85143,104544.9609375,78.34580078125,0.03512177467346191,450.1381944444444,3114.775347222222,2.947654554578993,0.8036404079861111,0.6789039611816406,-1.5070641411675347,3.5627671983506946,0.8208646986219618,0.37521239386664496
14,default,-0.34500488705105253,-0.4067976209852431,9.80638599395752,405.1640930175781,239.7189178466797,249.54481506347656,133.4356231689453,0.0,0.0,0.0,201001.65625,111.09051649305556,0.12444366878933377,5718.480208333333,3846.311458333333,-1.0645448472764758,5.0412000868055555,0.9848788791232639,-0.6365999433729383,6.260846625434028,1.0605843438042535,0.23211593627929689
14,partialblocking,-0.27936310238308376,-0.3590635511610243,8.059784889221191,377.7698974609375,239.7189178466797,225.55140686035156,131.1900634765625,0.0,0.0,0.0,192835.5625,86.33597005208334,0.08394851684570312,5585.4267361111115,3363.034375,1.547016398111979,3.0112738715277776,0.8739490085177951,-0.8099407619900174,4.234853108723958,0.9189626057942708,0.17251355912950303
15,default,-0.37323667738172744,-0.43099178738064237,11.571446418762207,444.34173583984375,261.6082763671875,363.13916015625,55.36343765258789,0.0,0.0,0.0,202479.125,147.7185763888889,0.23183314005533853,3231.761111111111,5047.304861111111,-1.5276312934027778,7.04521484375,1.2263016594780816,-1.336891852484809,10.98105197482639,1.5319183349609375,0.8722825792100695
15,partialblocking,-0.30329644944932727,-0.3839816199408637,10.151180267333984,425.513427734375,261.6082763671875,345.211669921875,55.58500671386719,0.0,0.0,0.0,196967.78125,117.54020182291667,0.1514044655693902,3983.6270833333333,4515.110416666666,0.596434826321072,5.0722235785590275,1.1190977308485244,-1.2312964545355902,8.736277940538194,1.4071958753797742,0.6580985175238715
16,default,-0.33371128506130643,-0.4024846394856771,10.572822570800781,320.5542297363281,173.59481811523438,245.5831756591797,56.48273468017578,0.0,0.0,0.0,147566.234375,102.67901475694444,0.18519774542914497,4415.964236111111,3546.66875,-0.5707809448242187,-1.2525935702853732,0.3154901928371853,-1.0194481743706598,3.5428059895833335,0.6565647549099393,0.5688991122775607
16,partialblocking,-0.2626819398668077,-0.34740657806396485,8.696820259094238,300.47296142578125,173.59481811523438,226.60086059570312,56.53868103027344,0.0,0.0,0.0,141364.625,78.29422743055555,0.10929799609714085,4943.107986111111,3026.637152777778,3.2522850884331596,-1.5243318345811632,0.389020750257704,-0.7992233276367188,2.228540717230903,0.6153861151801215,0.3862848917643229
17,default,-0.38922322591145836,-0.4462649875217014,11.630433082580566,414.3809814453125,219.3490753173828,335.69927978515625,54.57976150512695,0.0,0.0,0.0,185252.015625,148.7459201388889,0.2880552079942491,3194.165972222222,5016.356944444445,-1.7092064751519098,8.166112603081597,1.3380481296115452,-1.2517091539171008,11.738812934027777,1.6074588351779513,0.900486077202691
17,partialblocking,-0.3114307827419705,-0.3923478020562066,10.327810287475586,395.7707824707031,219.3490753173828,318.4049987792969,54.34040069580078,0.0,0.0,0.0,179721.78125,116.9237087673611,0.18497252994113497,4103.888888888889,4440.124305555555,0.4105586157904731,5.896460639105903,1.208053504096137,-1.1434349060058593,9.2552978515625,1.4685885959201388,0.6610319349500868
18,default,-0.3752760993109809,-0.43583975897894967,9.432003021240234,343.49346923828125,169.3340606689453,232.2505645751953,93.95686340332031,0.0,0.0,0.0,157112.171875,131.82715928819445,0.20833153194851345,3488.1159722222224,4469.505208333333,-1.5595882839626736,1.6494581434461806,0.7211827596028646,-1.2193428887261284,7.37852783203125,1.1153923882378471,0.9305434332953559
18,default_thinning_at_yr_2015,-0.3748335944281684,-0.436242930094401,9.718301773071289,245.5068359375,169.3340606689453,173.5277862548828,59.66435241699219,103.61796,64.066345,34.232903,127864.765625,135.37889539930555,0.21254300011528862,-2206.4137152777776,4582.285416666667,-1.5623694525824652,1.9391844007703993,0.7091055976019965,-0.7330610487196181,7.321366373697916,1.1186692979600694,1.2355957878960504
18,default_thinning_at_yr_2020,-0.3736214531792535,-0.43382127549913196,9.387967109680176,205.1537322998047,169.3340606689453,142.37998962402344,52.49424362182617,140.57872,92.39282,41.1402,137227.421875,133.70828993055557,0.21157332526312933,-2689.4491319444446,4529.059027777777,-1.5324974907769098,0.8877298143174913,0.6092851426866319,-1.1389181349012587,8.327170138888889,1.17916751437717,1.4398447672526042
18,partialblocking,-0.3064385732014974,-0.3887896219889323,8.371655464172363,325.2576599121094,169.3340606689453,216.21688842773438,92.71795654296875,0.0,0.0,0.0,151300.21875,103.14114583333334,0.1359641604953342,4045.947222222222,3953.826736111111,0.47559793260362415,0.21508060031467013,0.6524223327636719,-1.0434173583984374,5.3259765625,0.9829339769151476,0.728654056125217
18,partialblocking_thinning_at_yr_2015,-0.30348534054226345,-0.38562359280056424,8.495244979858398,236.27723693847656,169.3340606689453,163.05560302734375,61.34517288208008,92.384,55.951244,31.644339,124993.125,105.70646701388888,0.13962268829345703,-1088.6598958333334,4036.498611111111,0.5821637895372179,0.8834085252549914,0.6876217312282986,-0.5106124454074435,5.793197292751736,1.0348251342773438,1.1253344217936199
18,partialblocking_thinning_at_yr_2020,-0.30429064432779945,-0.38567051357693144,8.277612686157227,199.68121337890625,169.3340606689453,135.4014892578125,54.252079010009766,126.33986,81.30896,38.650032,133309.328125,104.53171657986111,0.13788545396592883,-1549.9871527777777,3999.780208333333,0.5416813320583768,-0.4019086201985677,0.5584843953450521,-0.9592503865559896,6.359600830078125,1.0272212558322482,1.2266842312282986
19,default,-0.36996888054741756,-0.4254542032877604,10.307726860046387,437.7280578613281,268.18707275390625,315.641845703125,96.39917755126953,0.0,0.0,0.0,213703.484375,139.15733506944446,0.22583334181043838,4872.331944444444,4740.327777777778,-1.4670706854926214,5.757480875651042,1.1661408318413629,-1.0272139655219183,8.240370686848959,1.346522945827908,0.37488475375705294
19,partialblocking,-0.2929253684149848,-0.37060474819607203,8.618943214416504,412.7757263183594,268.18707275390625,291.31964111328125,97.0369873046875,0.0,0.0,0.0,206186.328125,108.60477430555555,0.14863904317220053,5196.400347222222,4163.769444444444,1.0778711954752604,3.5047776963975696,1.028839111328125,-1.114906480577257,5.780872938368056,1.167832268608941,0.2520397610134549
19,partialblocking_thinning_at_yr_2010,-0.3020978079901801,-0.3838161892361111,10.06705093383789,316.9716491699219,268.18707275390625,238.23280334472656,60.36793899536133,110.73788,68.954216,34.817917,161706.875,115.30835503472223,0.15303307639227973,-1042.0170138888889,4418.679861111111,0.7036972893608942,-4.355038113064236,0.12225894927978516,-2.142361111111111,6.404642740885417,1.0276824951171875,1.2305553860134548
2,DNM,-0.37086741129557294,-0.42754944695366753,10.876111030578613,383.8091125488281,198.41311645507812,286.0992431640625,74.83011627197266,0.0,0.0,0.0,178311.59375,135.00825737847222,0.22033350202772353,4877.6506944444445,4593.6375,-1.4802625868055554,5.0879669189453125,1.083882819281684,-1.1168716430664063,7.980179850260416,1.2927253723144532,0.4716072082519531
2,DNM_thinning_at_yr_2015,-0.37387508816189235,-0.4332955254448785,11.841407775878906,287.42437744140625,198.41311645507812,222.91261291503906,47.49497604370117,108.28177,74.94382,26.6608,148853.5625,140.21029730902777,0.22635216183132595,-627.9989583333333,4774.778472222222,-1.5175954182942708,0.993031734890408,0.628166241115994,-1.4300023396809896,7.472909206814236,1.1716440836588542,1.0224310980902778
2,default,-0.2706364525689019,-0.3498605304294162,9.604825019836426,364.59906005859375,198.41311645507812,266.76654052734375,75.92146301269531,0.0,0.0,0.0,172082.625,98.89915364583334,0.004960905181037055,6051.753472222223,3890.9958333333334,1.5036673651801216,2.676033528645833,0.9573976304796007,-1.0634225633409289,5.131999037000868,1.1136166042751736,0.2685015360514323
2,default_thinning_at_yr_2015,-0.27462702857123483,-0.35657649570041233,10.383035659790039,278.0406494140625,198.41311645507812,211.63723754882812,49.88679504394531,97.47036,66.2017,25.217377,145641.609375,103.30757378472222,0.0052604827615949845,1106.6060763888888,4058.9850694444444,1.358620368109809,-0.7147858513726129,0.5717621697319879,-1.2857800801595052,4.804321967230903,0.9791955735948351,0.730758073594835
2,default_thinning_at_yr_2020,-0.2716667175292969,-0.3524000379774306,9.858468055725098,240.80667114257812,198.41311645507812,180.17344665527344,46.276390075683594,129.20058,92.20514,29.13287,154205.734375,101.12641059027777,0.005132238732443915,860.1255208333333,3974.987847222222,1.4680021497938367,0.946563720703125,0.7636888292100694,-1.0875830756293403,5.52208251953125,1.0928768581814237,0.76109864976671
2,partialblocking,-0.24352974361843532,-0.3297669304741753,8.336956024169922,344.6092834472656,198.41311645507812,247.6316680908203,76.0670394897461,0.0,0.0,0.0,166500.875,85.55989583333333,0.003610404994752672,5504.075347222222,3657.070833333333,3.521828884548611,1.9423397488064236,0.9141087849934896,-1.1214287651909722,4.315649074978299,1.0522287156846788,0.23605228000217013
2,partialblocking_thinning_at_yr_2020,-0.24477962917751736,-0.3325675540500217,8.614214897155762,235.2474822998047,198.41311645507812,172.32281494140625,48.782493591308594,115.103096,80.60141,27.440788,150581.5625,87.45753038194445,0.003716584708955553,933.4385416666667,3732.1833333333334,3.460129123263889,0.6025794135199652,0.75889646742079,-1.0790395100911458,4.6823438856336805,1.0262391832139757,0.6629197014702691
20,default,-0.24033580356174045,-0.24063209957546658,1.3639187812805176,33.2759895324707,5.0846357345581055,0.0,13.364767074584961,0.0,0.0,0.0,13664.111328125,92.02074652777777,0.25293812221950956,-6584.153472222222,2814.343576388889,3.9608578152126737,13.552772352430555,1.9330128987630208,1.090224117702908,13.783121744791666,1.9527414957682292,1.2867034912109374
20,partialblocking,-0.1372280438741048,-0.13593440585666233,0.7295970320701599,20.19465446472168,5.0846357345581055,0.0,6.724210739135742,0.0,0.0,0.0,9964.876953125,61.38656684027778,0.15249358283148873,-5098.970138888889,1986.220486111111,20.85239800347222,8.869769965277778,1.537693617078993,0.5779941558837891,8.933360460069444,1.5431399875217013,0.7497127956814236
21,default,-0.37370855543348525,-0.4322185516357422,11.821944236755371,414.52862548828125,245.82757568359375,335.9293212890625,54.61967468261719,0.0,0.0,0.0,189305.671875,136.3026584201389,0.22051565382215713,2993.3802083333335,4640.16875,-1.5263063218858508,2.382423570421007,0.7002101898193359,-1.4932688395182292,8.008211263020833,1.1342824300130208,0.9387566460503473
21,partialblocking,-0.30309219360351564,-0.38433036804199217,10.41598892211914,398.8322448730469,245.82757568359375,321.6088562011719,54.205535888671875,0.0,0.0,0.0,184419.46875,107.11970486111112,0.14337372250027128,3958.988888888889,4116.921527777778,0.6261177910698785,1.3760052151150173,0.7028636508517795,-1.2314576890733506,6.074808078342014,1.045228746202257,0.6964388529459635
3,default,-0.3268059624565972,-0.39040620591905384,10.4736909866333,444.1646728515625,282.1906433105469,333.50445556640625,84.43402099609375,0.0,0.0,0.0,214853.25,126.53515625,0.07776535881890191,5412.254166666667,4511.34375,-0.6791489919026693,4.175948757595486,1.0372570461697048,-0.9873616536458333,6.654206000434028,1.2053370157877603,0.3350799348619249
3,partialblocking,-0.2720048268636068,-0.35188492668999566,8.767098426818848,421.0459289550781,282.1906433105469,310.44268798828125,85.34912109375,0.0,0.0,0.0,208023.8125,103.03705512152777,0.055907652113172744,5415.322222222222,4073.8263888888887,1.8000829060872396,2.7171893649631076,0.9607703314887153,-1.0338369581434461,5.002350192599827,1.0963775634765625,0.24232508341471354
4,default,-0.325591680738661,-0.39157206217447915,10.919072151184082,390.46746826171875,206.20948791503906,306.68829345703125,61.06727981567383,0.0,0.0,0.0,179651.9375,120.16183810763889,0.06721935272216797,5549.336111111111,4301.640972222222,-0.6458473205566406,3.425490993923611,0.9405875311957466,-1.1015992906358507,6.529759385850695,1.1595521714952257,0.44761551751030815
4,partialblocking,-0.27427550421820746,-0.35673887464735243,9.432190895080566,368.6377258300781,206.20948791503906,285.3262023925781,61.82630157470703,0.0,0.0,0.0,172846.8125,97.7826171875,0.048309241400824654,5519.302777777778,3889.265625,1.6642706976996529,2.328824700249566,0.8967455546061198,-1.0549353705512152,5.202123345269097,1.0938143412272134,0.3369830237494575
5,default,-0.3324705759684245,-0.39176161024305556,7.955216407775879,191.03076171875,35.86466979980469,21.957948684692383,135.28887939453125,0.0,0.0,0.0,75228.6484375,118.13016493055555,0.11907470491197374,2541.0625,4080.4090277777777,-0.7992090861002604,8.639314778645833,1.7165113661024305,-0.7404612223307292,9.351409233940972,1.7776597764756945,0.32431153191460504
5,partialblocking,-0.26892437405056424,-0.34342837863498266,6.9425177574157715,172.0534210205078,35.86466979980469,16.892955780029297,122.42849731445312,0.0,0.0,0.0,68645.5625,93.10251736111111,0.08079609870910645,2571.2137152777777,3585.55625,2.2102481418185764,6.010231526692708,1.4820404052734375,-0.8118820190429688,6.981466335720486,1.5234880235460069,0.3162284427218967
6,default,-0.3469648996988932,-0.40518387688530816,8.62025260925293,208.2010040283203,38.28125762939453,50.7659797668457,135.2691650390625,0.0,0.0,0.0,81319.5078125,124.24423828125,0.16061960856119792,3074.1881944444444,4250.413888888889,-1.119382561577691,7.581490071614583,1.5359837849934896,-0.9607437981499566,9.186017523871527,1.6121773613823784,0.5694785647922092
6,partialblocking,-0.28211570315890844,-0.35930052863226997,7.664026260375977,190.05856323242188,38.28125762939453,41.492225646972656,126.91265106201172,0.0,0.0,0.0,75264.78125,97.203125,0.10533240636189779,3298.6868055555556,3746.8805555555555,1.428824700249566,5.220362006293403,1.3447050306532118,-0.9647338019476996,7.130026584201389,1.4125353495279949,0.4961389329698351
7,default,-0.317444822523329,-0.38306524488661026,9.242805480957031,262.8792419433594,90.5038070678711,100.79357147216797,139.0426788330078,0.0,0.0,0.0,119310.6953125,108.90970052083334,0.05693462159898546,4881.366666666667,3893.670833333333,-0.45500272115071616,6.196238878038194,1.2949265374077692,-1.3396531846788196,7.58447265625,1.3974195692274305,0.24355328877766927
7,default_thinning_at_yr_2020,-0.3186678992377387,-0.3856639438205295,9.527138710021973,172.02708435058594,90.5038070678711,73.3331069946289,84.45636749267578,98.24047,34.017838,55.080715,104720.21875,111.05813802083334,0.05772578981187609,673.5491319444444,3970.1993055555554,-0.483329094780816,4.644460720486111,1.0988754272460937,-1.3350477430555556,7.755777994791667,1.3422661675347223,0.6107321421305338
7,partialblocking,-0.2655786726209852,-0.3451526853773329,7.837151050567627,238.21023559570312,90.5038070678711,83.26409149169922,132.65701293945312,0.0,0.0,0.0,111349.078125,87.70335286458334,0.04090971416897244,4387.7131944444445,3477.8961805555555,2.076429918077257,4.3008538140190975,1.145216284857856,-1.4895929972330728,5.8009324815538195,1.229629431830512,0.1979846954345703
7,partialblocking_thinning_at_yr_2020,-0.2669141133626302,-0.34789727528889974,8.151257514953613,163.75636291503906,90.5038070678711,62.99884796142578,86.439208984375,81.83345,25.99237,47.670387,99245.3984375,89.309375,0.0415282408396403,973.5350694444444,3542.1319444444443,2.0172022501627604,3.5145263671875,1.0336257086859808,-1.3304628160264758,6.041489664713541,1.1779028998480903,0.46322237650553383
8,default,-0.3489958233303494,-0.4088465796576606,10.968913078308105,389.0071716308594,203.6986541748047,299.3001708984375,66.44557189941406,0.0,0.0,0.0,179801.65625,128.97784288194444,0.15019428465101453,5300.162152777778,4478.118402777778,-1.1438214619954428,4.212352498372396,1.0124896579318576,-1.125926717122396,7.125717502170139,1.2225699530707466,0.431586922539605
8,partialblocking,-0.2846220016479492,-0.36413451300726996,9.38343620300293,365.41314697265625,203.6986541748047,276.15509033203125,67.25643157958984,0.0,0.0,0.0,172549.859375,102.20608723958334,0.10062650044759115,5463.809027777777,3979.8368055555557,1.3012764824761285,2.7107845730251734,0.9421173095703125,-1.1012278238932292,5.34638671875,1.1165730794270834,0.3079170862833659
9,default,-0.32784894307454426,-0.38975440131293404,8.807035446166992,251.95648193359375,86.85009002685547,64.1775894165039,162.40977478027344,0.0,0.0,0.0,115861.8515625,111.75142144097222,0.08892936706542968,4204.462152777778,3920.7131944444445,-0.7207700093587239,6.981545681423611,1.375192599826389,-1.5023934258355034,8.156080457899305,1.4582156711154515,0.23037855360243056
9,default_thinning_at_yr_2015,-0.3329744127061632,-0.39801275465223523,9.681291580200195,188.49398803710938,86.85009002685547,66.99679565429688,105.79639434814453,79.48083,12.555073,56.806385,93063.453125,116.44623480902777,0.09081110424465604,178.14600694444445,4087.704166666667,-0.837488301595052,5.166221110026042,1.1302588568793404,-1.1550467597113716,7.744460720486111,1.2957352532280817,0.5735819498697917
9,default_thinning_at_yr_2020,-0.3286773257785373,-0.3916894276936849,9.140499114990234,152.71812438964844,86.85009002685547,47.262630462646484,91.72650146484375,107.73245,23.722668,72.26433,99715.1328125,114.04830729166666,0.09049108293321398,-387.53767361111113,4001.1052083333334,-0.7370620727539062,5.66964111328125,1.1997912089029947,-1.3734888712565103,8.410012478298611,1.4083600362141928,0.608524661593967
9,partialblocking,-0.2687429004245334,-0.3462273915608724,7.415885925292969,227.2670135498047,86.85009002685547,49.78263473510742,152.59954833984375,0.0,0.0,0.0,107649.9453125,88.52682291666666,0.06202544106377496,3819.4357638888887,3457.2145833333334,1.9670118543836805,4.800095621744791,1.2013054741753473,-1.6633756849500867,6.025674099392361,1.2652430216471353,0.17841067843967015
9,partialblocking_thinning_at_yr_2015,-0.2742021348741319,-0.3548913743760851,8.326265335083008,176.18763732910156,86.85009002685547,54.40998458862305,105.78793334960938,68.40132,8.985969,50.101562,88480.984375,92.45866970486111,0.06345063315497504,578.9197048611111,3608.5930555555556,1.7007880316840278,4.0348219129774305,1.0728480021158855,-1.119548543294271,6.12734375,1.1706982082790798,0.45066731770833335
9,partialblocking_thinning_at_yr_2020,-0.2695548587375217,-0.3478754679361979,7.751208305358887,143.54896545410156,86.85009002685547,37.97691345214844,91.32955169677734,91.70995,17.378805,63.525887,93921.78125,90.39690755208333,0.06300654941134982,-1.7868055555555555,3524.6194444444445,1.931433614095052,4.14749755859375,1.0995948791503907,-1.4152114868164063,6.363654242621528,1.2191488477918837,0.45967992146809894
