Schedule,Year,Age,N,BA,Hg,Dg,Hdom,Volume,Logs,Pulp,Loss,Yield,Mortality,Stem_wood,Stem_loss,Living_branches,Dead_branches,Foliage,Stump,Coarse_roots,Fine_roots
0,0,67,422,21.6,23.6,29.6,25.8,235.7,170.5,51.0,14.2,0,0,84.5,0,16.5,3.0,10.0,7.1,25.0,0.5
0,5,72,412,23.7,24.1,31.0,26.3,263.1,196.3,51.1,15.6,0,0,93.1,0,18.5,3.3,10.9,8.0,27.8,0.6
0,10,77,402,25.7,24.6,32.4,26.7,289.2,219.9,52.4,16.9,0,0,101.0,0,20.3,3.5,11.6,8.9,30.5,0.6
0,15,82,392,27.5,25.0,33.8,27.1,313.8,243.6,51.9,18.2,0,0,108.1,0,22.1,3.7,12.3,9.8,33.1,0.7
0,20,87,381,29.2,25.4,35.1,27.4,336.7,264.2,52.9,19.5,0,0,114.5,0,23.6,3.9,12.9,10.6,35.4,0.7
0,25,92,370,30.7,25.8,36.3,27.7,357.7,284.4,52.7,20.6,0,0,120.1,0,25.1,4.1,13.4,11.4,37.5,0.8
0,30,97,359,32.0,26.1,37.5,28.0,376.8,301.6,53.5,21.7,0,0,124.9,0,26.4,4.2,13.8,12.1,39.4,0.8
0,35,102,347,33.2,26.4,38.7,28.2,393.9,317.1,54.1,22.7,0,0,128.9,0,27.5,4.3,14.2,12.7,41.1,0.8
0,40,107,336,34.2,26.7,39.8,28.4,409.0,331.0,54.4,23.7,0,0,132.2,0,28.5,4.4,14.4,13.3,42.5,0.9
0,45,112,324,35.0,26.9,40.9,28.7,422.1,342.7,54.9,24.5,0,0,134.8,0,29.3,4.5,14.6,13.8,43.8,0.9
0,50,117,312,35.7,27.2,41.9,28.8,433.2,352.1,55.8,25.2,0,0,136.7,0,30.0,4.5,14.7,14.3,44.8,0.9
0,55,122,300,36.2,27.4,43.0,29.0,442.2,360.1,56.3,25.8,0,0,137.9,0,30.5,4.5,14.7,14.6,45.5,0.9
0,60,127,288,36.6,27.6,44.0,29.2,449.3,365.8,57.2,26.3,0,0,138.5,0,30.9,4.5,14.6,14.9,46.1,0.9
0,65,132,276,36.9,27.8,44.9,29.4,454.6,369.6,58.2,26.7,0,0,138.5,0,31.2,4.5,14.5,15.2,46.5,0.9
0,70,137,264,37.0,28.0,45.9,29.4,458.0,371.9,59.1,27.0,0,0,138.1,0,31.3,4.5,14.4,15.3,46.6,0.9
0,75,142,252,36.9,28.2,46.8,29.5,459.7,372.5,60.0,27.3,0,0,137.1,0,31.3,4.4,14.2,15.5,46.6,0.9
0,80,147,241,36.8,28.4,47.7,29.6,459.9,371.4,61.1,27.4,0,0,135.7,0,31.2,4.4,13.9,15.5,46.4,0.9
0,85,152,230,36.6,28.5,48.6,29.7,458.5,369.0,62.1,27.4,0,0,133.9,0,31.0,4.3,13.7,15.5,46.1,0.9
0,90,157,219,36.2,28.7,49.5,29.8,455.8,365.2,63.2,27.4,0,0,131.8,0,30.8,4.2,13.3,15.5,45.6,0.9
0,95,162,208,35.8,28.8,50.3,29.8,451.7,360.1,64.3,27.3,0,0,129.3,0,30.4,4.1,13.0,15.4,45.0,0.9
0,100,167,198,35.2,28.9,51.2,29.9,446.5,354.0,65.4,27.1,0,0,126.6,0,30.0,4.0,12.6,15.2,44.3,0.9
0,105,172,188,34.6,29.1,52.0,29.9,440.2,346.9,66.5,26.8,0,0,123.6,0,29.5,3.9,12.3,15.0,43.4,0.9
0,110,177,178,34.0,29.2,52.8,29.8,432.9,339.0,67.5,26.5,0,0,120.5,0,28.9,3.8,11.9,14.8,42.5,0.9
0,115,182,168,33.3,29.3,53.6,29.9,424.8,330.2,68.4,26.1,0,0,117.1,0,28.3,3.7,11.4,14.5,41.5,0.8
0,120,187,159,32.5,29.4,54.3,29.9,415.8,320.8,69.3,25.6,0,0,113.7,0,27.6,3.5,11.0,14.3,40.4,0.8
