Species_ID,Schedule,Year,Age,N,BA,Hg,Dg,Hdom,Volume,Logs,Pulp,Loss,Yield,Mortality,Stem_wood,Stem_loss,Living_branches,Dead_branches,Foliage,Stump,Coarse_roots,Fine_roots
2,1,0,60,1473.299972534178,20.47988085582087,11.45147627881836,16.38110333932907,11.45147627881836,113.0272277661338,29.79375010171472,70.65694886059727,12.57653009971069,113.0272277661338,0,38.45245184469334,5.11824425792793,15.93895028591934,2.13926231130757,11.70758343210729,4.584015774290908,19.02148919844286,0.8429460029191446
2,1,5,65,1425.640426635741,24.43449290388499,12.58907875930279,17.79965844346685,12.58907875930279,146.9333067212079,51.95244242280005,84.30348225031852,10.67738130358055,146.9333067212079,0,52.28095547262193,4.331005667325638,19.05908044366642,2.67802023636533,13.51364576611386,5.745805150538952,23.37133776384519,1.09460526967164
2,1,10,70,1367.902397155762,28.26628636468738,13.71023182168737,19.19935892909224,13.71023182168737,183.966112677379,73.43263384725327,102.0613543042366,8.472126347916664,183.966112677379,0,67.39115633588467,3.411125518482993,22.09013129787921,3.234580421858888,15.1318939902924,6.97156737772038,27.83252857905112,1.361870433845453
2,1,15,75,1301.436233520507,31.82592714531485,14.8095197553387,20.58863400993604,14.8095197553387,222.6997917803021,108.7885755845844,105.7409700152251,8.17024725414936,222.6997917803021,0,82.29177035306344,3.284603191835789,24.92771007254257,3.782717865570415,16.50834042715009,8.216700314309657,32.2310184539121,1.634325653231823
2,1,20,80,1230.764541625977,34.7096686523953,15.88167466963263,21.8601929456987,15.88167466963263,259.780939882249,146.8740527062715,105.1985479346985,7.708337596497421,259.780939882249,0,96.61402132618294,3.093739574920709,27.24571185709848,4.277795742691378,17.54313930285588,9.327932940026564,36.03184069753378,1.894658982290684
2,1,25,85,1158.971881866455,37.28648113106814,16.92309959486762,23.11585906246484,16.92309959486762,296.6267141078654,191.2552883946944,99.36895092724075,6.002480797761378,296.6267141078654,0,111.3001819540251,2.382375098800054,29.35416841422046,4.742551233700927,18.38869717767485,10.40669599011864,39.61838812777915,2.151477553735972
2,1,30,90,1088.793907165528,39.55992658214497,17.93064243957375,24.34742928818156,17.93064243957375,332.5679219040381,228.2525766954141,98.84103987849231,5.474307203441791,332.5679219040381,0,125.0835543525037,2.165605318600379,31.2502358084521,5.171744064405114,19.06422629771319,11.43817667406034,42.95273732637534,2.402092484872846
2,1,35,95,1022.177064895631,41.55016702631218,18.9025834226175,25.54833952194568,18.9025834226175,367.1366204120682,273.9729934370538,88.16862776915733,4.994998280866808,367.1366204120682,0,138.2640298457032,1.969524986700773,32.94301664187695,5.563698541107135,19.59401862761852,12.41344683394167,46.01955647927247,2.645192490882703
2,1,40,100,960.2330989837646,43.28320434132939,19.83834199360127,26.71297132138953,19.83834199360127,400.0508033715628,311.458426765666,84.02447011980041,4.5679088116578,400.0508033715628,0,150.7424727576737,1.79534837048767,34.44631244042689,5.918940065676004,20.00258979605674,13.32714005474337,48.81614808839505,2.880372913204135
2,1,45,105,903.4030284881591,44.78737627393441,20.73831083650599,27.83738972891155,20.73831083650599,431.2040806791271,350.9685527691411,76.04317634498075,4.192348856925421,431.2040806791271,0,162.4873659963493,1.642635011274853,35.7768458931243,6.239414209094029,20.31245570186221,14.17704643637637,51.34964337567285,3.107805698082163
2,1,50,110,851.6822948455797,46.08960639184791,21.60358964719687,28.91908260976532,21.60358964719687,460.5690145711055,390.3488280073641,66.3561685124999,3.864024424688977,460.5690145711055,0,173.5003738702633,1.509509062717225,36.9517241299772,6.527742995590575,20.54308885801757,14.96293767061942,53.63223740997243,3.327980306352457
2,1,55,115,804.8111276626588,47.21440661957359,22.43571235376483,29.95670998928361,22.43571235376483,488.0744369557512,421.0665674062653,63.43064070036431,3.577222787172612,488.0744369557512,0,183.764467975838,1.393555117181468,37.98727405351927,6.786800527238621,20.71056995722097,15.6860068673383,55.67913446578702,3.541507492986726
2,1,60,120,762.4054732322696,48.18386753497482,23.23645558431558,30.94998896116116,23.23645558431558,513.8291051954951,453.9612624315812,56.54064689078824,3.327208898505065,513.8291051954951,0,193.3311932416823,1.29273398745981,38.89937864862405,7.019504181814968,20.82833268492138,16.34856762803541,57.50742272286492,3.749099787730886
